{
    "普通坦克": {
        "名称": "普通坦克",
        "职业": "普通坦克",
        "属性数据": {
            "1": {
                "血量": 131.00000000000003,
                "攻击力": 5.614285714285715,
                "攻击速度": 1,
                "攻击范围": 1,
                "移动速度": 1.0,
                "DPS": 5.614285714285715,
                "战力": 196.50000000000003,
                "血量特效倍率": 0.2,
                "DPS特效倍率": 0
            },
            "2": {
                "血量": 214.40510286226143,
                "攻击力": 9.188790122668347,
                "攻击速度": 1,
                "攻击范围": 1,
                "移动速度": 1.0,
                "DPS": 9.188790122668347,
                "战力": 321.60765429339216,
                "血量特效倍率": 0.2,
                "DPS特效倍率": 0
            },
            "3": {
                "血量": 350.91258117081605,
                "攻击力": 15.039110621606401,
                "攻击速度": 1,
                "攻击范围": 1,
                "移动速度": 1.0,
                "DPS": 15.039110621606401,
                "战力": 526.368871756224,
                "血量特效倍率": 0.2,
                "DPS特效倍率": 0
            },
            "4": {
                "血量": 574.3316645922937,
                "攻击力": 24.614214196812586,
                "攻击速度": 1,
                "攻击范围": 1,
                "移动速度": 1.0,
                "DPS": 24.614214196812586,
                "战力": 861.4974968884405,
                "血量特效倍率": 0.2,
                "DPS特效倍率": 0
            },
            "5": {
                "血量": 939.9972490378974,
                "攻击力": 40.28559638733846,
                "攻击速度": 1,
                "攻击范围": 1,
                "移动速度": 1.0,
                "DPS": 40.28559638733846,
                "战力": 1409.9958735568462,
                "血量特效倍率": 0.2,
                "DPS特效倍率": 0
            },
            "6": {
                "血量": 1538.4748616046804,
                "攻击力": 65.93463692591487,
                "攻击速度": 1,
                "攻击范围": 1,
                "移动速度": 1.0,
                "DPS": 65.93463692591487,
                "战力": 2307.7122924070204,
                "血量特效倍率": 0.2,
                "DPS特效倍率": 0
            },
            "7": {
                "血量": 2517.991304987442,
                "攻击力": 107.91391307089037,
                "攻击速度": 1,
                "攻击范围": 1,
                "移动速度": 1.0,
                "DPS": 107.91391307089037,
                "战力": 3776.9869574811632,
                "血量特效倍率": 0.2,
                "DPS特效倍率": 0
            },
            "8": {
                "血量": 4121.146448489408,
                "攻击力": 176.62056207811747,
                "攻击速度": 1,
                "攻击范围": 1,
                "移动速度": 1.0,
                "DPS": 176.62056207811747,
                "战力": 6181.719672734112,
                "血量特效倍率": 0.2,
                "DPS特效倍率": 0
            },
            "9": {
                "血量": 6744.9986885405715,
                "攻击力": 289.07137236602443,
                "攻击速度": 1,
                "攻击范围": 1,
                "移动速度": 1.0,
                "DPS": 289.07137236602443,
                "战力": 10117.498032810856,
                "血量特效倍率": 0.2,
                "DPS特效倍率": 0
            },
            "10": {
                "血量": 11039.405630705034,
                "攻击力": 473.1173841730729,
                "攻击速度": 1,
                "攻击范围": 1,
                "移动速度": 1.0,
                "DPS": 473.1173841730729,
                "战力": 16559.10844605755,
                "血量特效倍率": 0.2,
                "DPS特效倍率": 0
            },
            "11": {
                "血量": 18067.9763342713,
                "攻击力": 774.3418428973415,
                "攻击速度": 1,
                "攻击范围": 1,
                "移动速度": 1.0,
                "DPS": 774.3418428973415,
                "战力": 27101.96450140695,
                "血量特效倍率": 0.2,
                "DPS特效倍率": 0
            },
            "12": {
                "血量": 29571.498660017904,
                "攻击力": 1267.349942572196,
                "攻击速度": 1,
                "攻击范围": 1,
                "移动速度": 1.0,
                "DPS": 1267.349942572196,
                "战力": 44357.24799002685,
                "血量特效倍率": 0.2,
                "DPS特效倍率": 0
            },
            "13": {
                "血量": 48399.085587727954,
                "攻击力": 2074.246525188341,
                "攻击速度": 1,
                "攻击范围": 1,
                "移动速度": 1.0,
                "DPS": 2074.246525188341,
                "战力": 72598.62838159193,
                "血量特效倍率": 0.2,
                "DPS特效倍率": 0
            },
            "14": {
                "血量": 79213.8238463833,
                "攻击力": 3394.878164844998,
                "攻击速度": 1,
                "攻击范围": 1,
                "移动速度": 1.0,
                "DPS": 3394.878164844998,
                "战力": 118820.73576957494,
                "血量特效倍率": 0.2,
                "DPS特效倍率": 0
            },
            "15": {
                "血量": 129647.69503738057,
                "攻击力": 5556.329787316311,
                "攻击速度": 1,
                "攻击范围": 1,
                "移动速度": 1.0,
                "DPS": 5556.329787316311,
                "战力": 194471.54255607087,
                "血量特效倍率": 0.2,
                "DPS特效倍率": 0
            },
            "16": {
                "血量": 212191.81214003588,
                "攻击力": 9093.934806001538,
                "攻击速度": 1,
                "攻击范围": 1,
                "移动速度": 1.0,
                "DPS": 9093.934806001538,
                "战力": 318287.7182100538,
                "血量特效倍率": 0.2,
                "DPS特效倍率": 0
            },
            "17": {
                "血量": 347290.1321252978,
                "攻击力": 14883.862805369907,
                "攻击速度": 1,
                "攻击范围": 1,
                "移动速度": 1.0,
                "DPS": 14883.862805369907,
                "战力": 520935.1981879467,
                "血量特效倍率": 0.2,
                "DPS特效倍率": 0
            },
            "18": {
                "血量": 568402.8740562815,
                "攻击力": 24360.12317384064,
                "攻击速度": 1,
                "攻击范围": 1,
                "移动速度": 1.0,
                "DPS": 24360.12317384064,
                "战力": 852604.3110844223,
                "血量特效倍率": 0.2,
                "DPS特效倍率": 0
            },
            "19": {
                "血量": 930293.7151087174,
                "攻击力": 39869.730647516466,
                "攻击速度": 1,
                "攻击范围": 1,
                "移动速度": 1.0,
                "DPS": 39869.730647516466,
                "战力": 1395440.5726630762,
                "血量特效倍率": 0.2,
                "DPS特效倍率": 0
            },
            "20": {
                "血量": 1522593.2799999998,
                "攻击力": 65253.99771428572,
                "攻击速度": 1,
                "攻击范围": 1,
                "移动速度": 1.0,
                "DPS": 65253.99771428572,
                "战力": 2283889.92,
                "血量特效倍率": 0.2,
                "DPS特效倍率": 0
            }
        },
        "基础攻击速度": 1,
        "基础攻击范围": 1,
        "基础移动速度": 1.0,
        "血量特效倍率": 0.2,
        "DPS特效倍率": 0
    },
    "萨哈比精英坦克": {
        "名称": "萨哈比精英坦克",
        "职业": "精英坦克",
        "属性数据": {
            "1": {
                "血量": 167.025,
                "攻击力": 4.896179401993356,
                "攻击速度": 1.2,
                "攻击范围": 1.5,
                "移动速度": 1.2,
                "DPS": 6.316071428571428,
                "战力": 294.75,
                "血量特效倍率": 0.5,
                "DPS特效倍率": 0
            },
            "2": {
                "血量": 273.36650614938327,
                "攻击力": 8.013479758141,
                "攻击速度": 1.2,
                "攻击范围": 1.5,
                "移动速度": 1.2,
                "DPS": 10.33738888800189,
                "战力": 482.41148144008815,
                "血量特效倍率": 0.5,
                "DPS特效倍率": 0
            },
            "3": {
                "血量": 447.4135409927904,
                "攻击力": 13.115503449075351,
                "攻击速度": 1.2,